name,type,region,city,address,phone,latitude,longitude,rating,open_now,open_hours,distance_km,services
Vancouver General Hospital,Hospital,Vancouver Coastal Health,Vancouver,899 W 12th Ave,604-875-4111,49.2631,-123.1239,4.6,True,Open 24/7,2.1,"Emergency,Surgery,ICU,Trauma,Cardiology,Oncology"
BC Children's Hospital,Hospital,Vancouver Coastal Health,Vancouver,4480 Oak St,604-875-2345,49.2426,-123.1270,4.8,True,Open 24/7,3.8,"Emergency,Pediatrics,Surgery,ICU,Oncology"
Lions Gate Hospital,Hospital,Vancouver Coastal Health,North Vancouver,231 E 15th St,604-988-3131,49.3220,-123.0724,4.3,True,Open 24/7,12.4,"Emergency,Surgery,ICU,Maternity,Cardiology"
Richmond Hospital,Hospital,Vancouver Coastal Health,Richmond,7000 Westminster Hwy,604-278-9711,49.1687,-123.1376,4.2,True,Open 24/7,14.7,"Emergency,Surgery,ICU,Maternity,Radiology"
Royal Columbian Hospital,Hospital,Fraser Health,New Westminster,330 E Columbia St,604-520-4253,49.2057,-122.8979,4.4,True,Open 24/7,22.3,"Emergency,Surgery,ICU,Trauma,Cardiology,Neurology"
Kelowna General Hospital,Hospital,Interior Health,Kelowna,2268 Pandosy St,250-862-4000,49.8748,-119.4871,4.5,True,Open 24/7,394.2,"Emergency,Surgery,ICU,Oncology,Cardiology"
Victoria General Hospital,Hospital,Island Health,Victoria,1 Hospital Way,250-727-4212,48.4643,-123.4063,4.4,True,Open 24/7,96.8,"Emergency,Surgery,ICU,Maternity,Cardiology"
Gastown Medical Clinic,Walk-In Clinic,Vancouver Coastal Health,Vancouver,27 Blood Alley Square,604-558-3988,49.2831,-123.1042,4.1,True,Mon-Fri 8am-8pm Sat-Sun 9am-5pm,1.2,"Walk-In Consultations,Minor Injuries,Prescription Renewals,Lab Referrals"
Kits Walk-In Medical Clinic,Walk-In Clinic,Vancouver Coastal Health,Vancouver,2826 W 4th Ave,604-738-5211,49.2683,-123.1657,4.3,True,Mon-Fri 9am-7pm Sat 10am-4pm,4.6,"Walk-In Consultations,Physicals,Travel Medicine,Prescription Renewals"
CareNow Urgent Clinic Burnaby,Walk-In Clinic,Fraser Health,Burnaby,4277 Kingsway,604-434-1212,49.2356,-122.9951,3.9,True,Mon-Sun 8am-9pm,16.3,"Walk-In Consultations,Minor Injuries,STI Testing,Immunizations"
Surrey Medical Walk-In,Walk-In Clinic,Fraser Health,Surrey,9641 King George Blvd,604-581-3321,49.1890,-122.8477,4.0,False,Mon-Fri 8am-6pm Sat 9am-3pm,32.1,"Walk-In Consultations,Minor Injuries,Prescription Renewals,Physicals"
Langley Walk-In Clinic,Walk-In Clinic,Fraser Health,Langley,20120 64th Ave,604-534-8822,49.1011,-122.6603,4.2,True,Mon-Fri 8am-8pm Sat-Sun 9am-5pm,44.7,"Walk-In Consultations,Lab Referrals,Prescription Renewals,Minor Injuries"
Kelowna Medical Walk-In,Walk-In Clinic,Interior Health,Kelowna,1634 Harvey Ave,250-763-7414,49.8876,-119.4613,4.1,True,Mon-Fri 9am-6pm Sat 10am-3pm,394.8,"Walk-In Consultations,Minor Injuries,Physicals,Prescription Renewals"
Victoria Walk-In Clinic,Walk-In Clinic,Island Health,Victoria,3120 Tillicum Rd,250-384-4000,48.4512,-123.3721,4.0,True,Mon-Fri 8am-8pm Sat 9am-5pm,97.4,"Walk-In Consultations,Minor Injuries,STI Testing,Lab Referrals"
Prince George Walk-In,Walk-In Clinic,Northern Health,Prince George,1444 Edmonton St,250-564-6303,53.9143,-122.7722,3.8,False,Mon-Fri 9am-5pm,782.3,"Walk-In Consultations,Minor Injuries,Prescription Renewals,Physicals"
Shoppers Drug Mart - Davie St,Pharmacy,Vancouver Coastal Health,Vancouver,1125 Davie St,604-685-6445,49.2778,-123.1321,4.2,True,Mon-Sun 8am-10pm,1.8,"Prescriptions,Immunizations,Travel Vaccines,Medication Reviews,Blood Pressure Monitoring"
London Drugs - Broadway,Pharmacy,Vancouver Coastal Health,Vancouver,1650 W Broadway,604-736-9811,49.2635,-123.1432,4.4,True,Mon-Fri 9am-9pm Sat-Sun 10am-7pm,3.2,"Prescriptions,Immunizations,Medication Reviews,Diabetes Management,Compounding"
Rexall Pharmacy - New Westminster,Pharmacy,Fraser Health,New Westminster,789 Columbia St,604-521-3344,49.2068,-122.9126,4.0,True,Mon-Fri 9am-7pm Sat 10am-5pm,22.9,"Prescriptions,Immunizations,Medication Reviews,Blister Packaging"
Save-On Foods Pharmacy - Kelowna,Pharmacy,Interior Health,Kelowna,1470 Harvey Ave,250-860-7721,49.8871,-119.4580,4.1,False,Mon-Fri 9am-9pm Sat-Sun 10am-7pm,394.6,"Prescriptions,Immunizations,Flu Shots,Medication Reviews"
Pharmasave - Victoria,Pharmacy,Island Health,Victoria,911 Yates St,250-382-4411,48.4267,-123.3650,4.3,True,Mon-Fri 9am-6pm Sat 10am-4pm,97.1,"Prescriptions,Compounding,Immunizations,Medication Reviews,Blister Packaging"
Shoppers Drug Mart - Prince George,Pharmacy,Northern Health,Prince George,2840 15th Ave,250-562-3322,53.9171,-122.7455,3.9,True,Mon-Sun 8am-9pm,782.1,"Prescriptions,Immunizations,Flu Shots,Medication Reviews"
CityMD Urgent Care Vancouver,Urgent Care,Vancouver Coastal Health,Vancouver,2025 W Broadway,604-742-1100,49.2634,-123.1569,4.5,True,Mon-Sun 8am-10pm,4.1,"Urgent Injuries,X-Ray,STI Testing,IV Therapy,Occupational Health"
North Shore Urgent Care,Urgent Care,Vancouver Coastal Health,North Vancouver,1515 Lonsdale Ave,604-904-5200,49.3170,-123.0699,4.3,True,Mon-Sun 9am-9pm,13.1,"Urgent Injuries,X-Ray,Minor Surgery,Pediatric Urgent Care"
Fraser Valley Urgent Care,Urgent Care,Fraser Health,Abbotsford,32450 Simon Ave,604-853-2556,49.0504,-122.3045,4.0,True,Mon-Fri 8am-8pm Sat-Sun 9am-6pm,68.4,"Urgent Injuries,X-Ray,Laceration Repair,Occupational Health"
